candidate_id,dataset_revision,hash_algorithm,maximum_hamming_distance,hamming_distance,train_path,test_path,decision,review_notes
near-8c32dc7ab0b4,9e97599868962bd0079b8db4b7f1efa9185fa1e7,dhash-64,4,4,Apple___healthy/23b5f9bf-18d8-43d3-a289-6398a7abde91___RS_HL 7914.JPG,Tomato___Bacterial_spot/5faeaff0-1dcd-4c79-b6ad-22908cc519ac___GCREC_Bact.Sp 5655.JPG,keep_both_false_positive,Different classes and visibly different leaves.
near-fce469594f68,9e97599868962bd0079b8db4b7f1efa9185fa1e7,dhash-64,4,4,Corn_(maize)___Northern_Leaf_Blight/3513a96e-7db5-4a2b-9dd8-79847c92e75b___RS_NLB 4045 copy 2.jpg,Corn_(maize)___Northern_Leaf_Blight/9943cc83-f708-487b-b45e-a9ac23ee3973___RS_NLB 4045.JPG,exclude_train_related,Same physical leaf with matching lesions and source identifier 4045.
near-38a6ce6475ba,9e97599868962bd0079b8db4b7f1efa9185fa1e7,dhash-64,4,2,Corn_(maize)___Northern_Leaf_Blight/b7ec2193-2a49-43b9-9962-7a13d472e668___RS_NLB 4044.JPG,Corn_(maize)___Northern_Leaf_Blight/83327a8d-9bfd-49d6-9fc9-bc065a379bce___RS_NLB 4044 copy 2.jpg,exclude_train_related,Same physical leaf with matching lesions and source identifier 4044.
near-434ac00eef44,9e97599868962bd0079b8db4b7f1efa9185fa1e7,dhash-64,4,4,Grape___Esca_(Black_Measles)/1a605788-78ec-4d62-9f87-3ad62309d58f___FAM_B.Msls 4371.JPG,Grape___Black_rot/d5c7a5e5-2a4a-4c3c-a01e-e6ed208017a7___FAM_B.Rot 3329.JPG,keep_both_false_positive,Different classes and visibly different leaves.
near-5566f492be0d,9e97599868962bd0079b8db4b7f1efa9185fa1e7,dhash-64,4,4,Grape___Esca_(Black_Measles)/49c6ee9e-8bc4-4187-82db-b9caba8bb168___FAM_B.Msls 1134.JPG,Grape___Esca_(Black_Measles)/ffc0847a-e88d-4332-8c7c-4b63ba65a471___FAM_B.Msls 1130.JPG,keep_both_false_positive,Distinct outlines and lesion patterns show different leaves.
near-d6b257f75a97,9e97599868962bd0079b8db4b7f1efa9185fa1e7,dhash-64,4,4,Grape___Leaf_blight_(Isariopsis_Leaf_Spot)/9be77817-23c5-469e-8363-eb1d115f9bb0___FAM_L.Blight 1470.JPG,Grape___Leaf_blight_(Isariopsis_Leaf_Spot)/c08c3e56-4192-40a6-9b51-8733e642dafa___FAM_L.Blight 1422.JPG,keep_both_false_positive,Distinct outlines and lesion patterns show different leaves.
near-7a35ed22e83c,9e97599868962bd0079b8db4b7f1efa9185fa1e7,dhash-64,4,4,Grape___healthy/dcf0b467-3d86-49b9-991e-00f5b82465c7___Mt.N.V_HL 8935.JPG,Grape___healthy/94ff1dad-4284-4b83-ae37-988cc12c2006___Mt.N.V_HL 8939.JPG,exclude_train_related,Same physical leaf with matching outline notch and vein pattern.
near-2fb1409e2a0b,9e97599868962bd0079b8db4b7f1efa9185fa1e7,dhash-64,4,3,Orange___Haunglongbing_(Citrus_greening)/26680011-8f2c-4099-b7ff-574a349d1146___CREC_HLB 7242.JPG,Orange___Haunglongbing_(Citrus_greening)/bfc23629-c9cd-4c81-b6b0-d11f07dbc204___CREC_HLB 7824.JPG,keep_both_false_positive,Distinct outlines and discoloration patterns show different leaves.
near-609c490fba7a,9e97599868962bd0079b8db4b7f1efa9185fa1e7,dhash-64,4,3,Orange___Haunglongbing_(Citrus_greening)/39b0f5b9-fd43-4ce6-9d28-e7754b88f5b7___CREC_HLB 7660.JPG,Tomato___Spider_mites Two-spotted_spider_mite/416c7502-7038-43fb-a700-d11d8a54cafb___Com.G_SpM_FL 9025.JPG,keep_both_false_positive,Different classes and visibly different leaves.
near-1452d210f658,9e97599868962bd0079b8db4b7f1efa9185fa1e7,dhash-64,4,4,Orange___Haunglongbing_(Citrus_greening)/67c00966-9be7-4fea-a944-9e936837e3de___CREC_HLB 4766.JPG,Orange___Haunglongbing_(Citrus_greening)/11281e98-333a-4252-9e79-be353024a033___CREC_HLB 4776.JPG,keep_both_false_positive,Distinct edge contours and surface markings show different leaves.
near-14e389bbb2a4,9e97599868962bd0079b8db4b7f1efa9185fa1e7,dhash-64,4,4,Orange___Haunglongbing_(Citrus_greening)/771e954b-6188-4fe4-9e17-e7f2cd8f9297___CREC_HLB 5310.JPG,Potato___Early_blight/a60106e3-e037-495f-8b5a-080adcb9bdd9___RS_Early.B 8561.JPG,keep_both_false_positive,Different classes and visibly different leaves.
near-03db2445b0c8,9e97599868962bd0079b8db4b7f1efa9185fa1e7,dhash-64,4,4,Orange___Haunglongbing_(Citrus_greening)/965e7c93-1588-43af-af24-c08877c52e35___CREC_HLB 5493.JPG,Raspberry___healthy/caa9c1d8-620e-46fa-a8c8-038ee145dd20___Mary_HL 6230.JPG,keep_both_false_positive,Different classes and visibly different leaves.
near-dc2a67007e47,9e97599868962bd0079b8db4b7f1efa9185fa1e7,dhash-64,4,4,Orange___Haunglongbing_(Citrus_greening)/ba8af517-ae00-474e-b6a7-9b5031419cf4___CREC_HLB 4220.JPG,Orange___Haunglongbing_(Citrus_greening)/634f2182-7b79-4cd4-8272-316e26c2a855___CREC_HLB 4160.JPG,keep_both_false_positive,Distinct edge contours and discoloration patterns show different leaves.
near-e115bb0171e7,9e97599868962bd0079b8db4b7f1efa9185fa1e7,dhash-64,4,4,Orange___Haunglongbing_(Citrus_greening)/e5e2cdea-35bb-4833-a48a-88bfdf0e9ab0___CREC_HLB 7571.JPG,Orange___Haunglongbing_(Citrus_greening)/43a17ced-e9e8-459d-9bc3-65e8fafa75c0___CREC_HLB 3935.JPG,keep_both_false_positive,Distinct edge contours and discoloration patterns show different leaves.
near-c2a70d3a4069,9e97599868962bd0079b8db4b7f1efa9185fa1e7,dhash-64,4,4,Orange___Haunglongbing_(Citrus_greening)/f3f03566-1426-45b3-a65d-020f82dabf9a___UF.Citrus_HLB_Lab 1533.JPG,Orange___Haunglongbing_(Citrus_greening)/58bafe86-441f-4cba-a6e7-5dd2cdec7ebf___UF.Citrus_HLB_Lab 1749.JPG,keep_both_false_positive,Distinct edge contours and discoloration patterns show different leaves.
near-119e42375bb3,9e97599868962bd0079b8db4b7f1efa9185fa1e7,dhash-64,4,4,Orange___Haunglongbing_(Citrus_greening)/f9f6905b-f565-4c06-ac24-bcf49604a07a___CREC_HLB 4567.JPG,Orange___Haunglongbing_(Citrus_greening)/7dc7d750-5166-4466-8d19-1065d6d53966___CREC_HLB 4859.JPG,keep_both_false_positive,Distinct edge contours and surface markings show different leaves.
near-333f11eb401d,9e97599868962bd0079b8db4b7f1efa9185fa1e7,dhash-64,4,2,Peach___Bacterial_spot/50e07867-1835-4031-9752-b5c62bb94f12___Rut._Bact.S 1277.JPG,Peach___Bacterial_spot/4fd4fd59-b5ad-4ff5-9c3b-3d5c74a23361___Rut._Bact.S 0767.JPG,keep_both_false_positive,Distinct outlines and lesion positions show different leaves.
near-184557048b00,9e97599868962bd0079b8db4b7f1efa9185fa1e7,dhash-64,4,4,Peach___Bacterial_spot/a7b3c4d8-c94c-4cac-901b-fb6c9624e7a3___Rut._Bact.S 0970.JPG,Peach___Bacterial_spot/4fd4fd59-b5ad-4ff5-9c3b-3d5c74a23361___Rut._Bact.S 0767.JPG,keep_both_false_positive,Distinct outlines and lesion positions show different leaves.
near-e0b254bed65f,9e97599868962bd0079b8db4b7f1efa9185fa1e7,dhash-64,4,4,Peach___Bacterial_spot/bd21eadc-29b3-41a2-8754-5c561d3aff4a___Rut._Bact.S 1448.JPG,Peach___Bacterial_spot/a2524d53-667b-49d1-bda8-8515143b1293___Rutg._Bact.S 2300.JPG,keep_both_false_positive,Distinct outlines and lesion positions show different leaves.
near-fff7ba94c78f,9e97599868962bd0079b8db4b7f1efa9185fa1e7,dhash-64,4,4,Peach___Bacterial_spot/ece1262c-6f66-4c46-bc59-7d2db3b27273___Rutg._Bact.S 2384.JPG,Peach___Bacterial_spot/09e1e0ed-2535-496e-885d-a51999b51820___Rut._Bact.S 0988.JPG,keep_both_false_positive,Distinct outlines and lesion positions show different leaves.
near-b1ef043bcbd9,9e97599868962bd0079b8db4b7f1efa9185fa1e7,dhash-64,4,4,Peach___healthy/4f9facfb-c1ed-4254-8581-85c35091d5d8___Rutg._HL 3675.JPG,Tomato___Leaf_Mold/fd686c68-9a4a-4d11-98fa-7c612aff9fd4___Crnl_L.Mold 6974.JPG,keep_both_false_positive,Different classes and visibly different leaves.
near-b9b41b7d7b55,9e97599868962bd0079b8db4b7f1efa9185fa1e7,dhash-64,4,4,Peach___healthy/efa00530-b592-46d4-827a-1eb1a7498608___Rutg._HL 3619.JPG,Peach___healthy/aecb767a-7f12-4e1d-b411-6cc558777243___Rutg._HL 3573.JPG,keep_both_false_positive,Distinct outlines and vein patterns show different leaves.
near-f087fcbcd24f,9e97599868962bd0079b8db4b7f1efa9185fa1e7,dhash-64,4,4,Soybean___healthy/2f99080a-2e4d-4d11-b658-8f60f64931cb___RS_HL 7161.JPG,Soybean___healthy/1920024b-9501-4176-bbca-456a07697894___RS_HL 3489.JPG,keep_both_false_positive,Distinct outlines and vein patterns show different leaves.
near-61e11c999586,9e97599868962bd0079b8db4b7f1efa9185fa1e7,dhash-64,4,4,Tomato___Bacterial_spot/166a69a7-cae0-4e6e-ac75-bc207a5335f4___GCREC_Bact.Sp 5705.JPG,Tomato___Target_Spot/fddfa96b-42a0-43f1-bbee-eac32d7caff7___Com.G_TgS_FL 9820.JPG,keep_both_false_positive,Different classes and visibly different leaves.
near-e3a08f161a68,9e97599868962bd0079b8db4b7f1efa9185fa1e7,dhash-64,4,3,Tomato___Late_blight/16e4a1f9-21c2-4c1a-bdbc-1336da74ba2c___GHLB2 Leaf 145.3.JPG,Tomato___Late_blight/cebd5337-bb61-4454-93da-bba4169f0802___GHLB2 Leaf 145.JPG,exclude_train_related,Same physical leaf with matching damage and source identifier 145.
near-45c0cdf423c8,9e97599868962bd0079b8db4b7f1efa9185fa1e7,dhash-64,4,2,Tomato___Septoria_leaf_spot/17e3282e-f327-4245-95b1-a4fee7b33838___Matt.S_CG 2619.JPG,Tomato___Septoria_leaf_spot/a11dad0c-2ed0-4d57-bd0b-0b19a0d7f17c___Matt.S_CG 2622.JPG,exclude_train_related,Same physical leaf with matching outline lesions and damaged tip.
near-d367f524ca34,9e97599868962bd0079b8db4b7f1efa9185fa1e7,dhash-64,4,4,Tomato___Spider_mites Two-spotted_spider_mite/d83e3292-0be8-43b9-8215-4705a452a08a___Com.G_SpM_FL 1642.JPG,Tomato___Spider_mites Two-spotted_spider_mite/fa0f71aa-5583-4376-ab17-a755cf065aaf___Com.G_SpM_FL 1520.JPG,keep_both_false_positive,Distinct outlines and vein patterns show different leaves.
near-f260cec09c91,9e97599868962bd0079b8db4b7f1efa9185fa1e7,dhash-64,4,4,Tomato___Spider_mites Two-spotted_spider_mite/e13060fe-90fb-49c9-ab46-9a4cfd68c02a___Com.G_SpM_FL 1749.JPG,Tomato___Target_Spot/c6fc37bf-8462-49c9-ac5c-a5f078e34ea4___Com.G_TgS_FL 7958.JPG,keep_both_false_positive,Different classes and visibly different leaves.
near-308b283a11b2,9e97599868962bd0079b8db4b7f1efa9185fa1e7,dhash-64,4,4,Tomato___Spider_mites Two-spotted_spider_mite/fd71ebe5-4ce6-4b19-b71e-cb66b034c123___Com.G_SpM_FL 1282.JPG,Tomato___Spider_mites Two-spotted_spider_mite/fa0f71aa-5583-4376-ab17-a755cf065aaf___Com.G_SpM_FL 1520.JPG,keep_both_false_positive,Distinct outlines and vein patterns show different leaves.
near-90094f6fb90e,9e97599868962bd0079b8db4b7f1efa9185fa1e7,dhash-64,4,4,Tomato___Tomato_Yellow_Leaf_Curl_Virus/1240c7a7-a64a-4659-8849-5451c205208d___UF.GRC_YLCV_Lab 01888.JPG,Tomato___Tomato_Yellow_Leaf_Curl_Virus/08f78a80-46f5-45a6-937c-4d05d61c08c2___UF.GRC_YLCV_Lab 01895.JPG,exclude_train_related,Same physical leaf with matching outline folds and discoloration.
near-afe0c439934e,9e97599868962bd0079b8db4b7f1efa9185fa1e7,dhash-64,4,2,Tomato___Tomato_Yellow_Leaf_Curl_Virus/1240c7a7-a64a-4659-8849-5451c205208d___UF.GRC_YLCV_Lab 01888.JPG,Tomato___Tomato_Yellow_Leaf_Curl_Virus/fcdfc17c-1a1b-48df-8612-740f3a50fcbd___UF.GRC_YLCV_Lab 01892.JPG,exclude_train_related,Same physical leaf with matching outline folds and discoloration.
near-6eb68b68c466,9e97599868962bd0079b8db4b7f1efa9185fa1e7,dhash-64,4,4,Tomato___Tomato_Yellow_Leaf_Curl_Virus/19ead445-c37c-4a22-b3fb-02510e66b553___UF.GRC_YLCV_Lab 01388.JPG,Tomato___Tomato_Yellow_Leaf_Curl_Virus/b379ab04-3780-4283-b388-2a038b773d79___UF.GRC_YLCV_Lab 01389.JPG,exclude_train_related,Same physical leaf with matching lobes veins and damage pattern.
near-1374f3410f74,9e97599868962bd0079b8db4b7f1efa9185fa1e7,dhash-64,4,3,Tomato___Tomato_Yellow_Leaf_Curl_Virus/2ed63cde-c59e-45df-a38b-ee87197908bb___UF.GRC_YLCV_Lab 01623.JPG,Tomato___Tomato_Yellow_Leaf_Curl_Virus/7c215f7a-4aaf-4461-a727-7e4777daa562___UF.GRC_YLCV_Lab 01624.JPG,exclude_train_related,Same physical leaf with matching lobes veins and damage pattern.
near-dc6b9721a936,9e97599868962bd0079b8db4b7f1efa9185fa1e7,dhash-64,4,4,Tomato___Tomato_Yellow_Leaf_Curl_Virus/63476e74-7aae-4e1c-b550-89e4be34149f___UF.GRC_YLCV_Lab 08428.JPG,Blueberry___healthy/1ab59260-80f5-457f-82c6-4f0919f3a685___RS_HL 5421.JPG,keep_both_false_positive,Different classes and visibly different leaves.
near-eb76003fd3fa,9e97599868962bd0079b8db4b7f1efa9185fa1e7,dhash-64,4,4,Tomato___Tomato_Yellow_Leaf_Curl_Virus/a193e214-3a19-410d-8467-63eafff67aea___UF.GRC_YLCV_Lab 01457.JPG,Tomato___Tomato_Yellow_Leaf_Curl_Virus/89f4ab7d-764f-4df5-b244-51c50ce68836___UF.GRC_YLCV_Lab 01460.JPG,exclude_train_related,Same physical leaf with matching lobes veins and damage pattern.
near-3ca61d3c1b6f,9e97599868962bd0079b8db4b7f1efa9185fa1e7,dhash-64,4,3,Tomato___Tomato_Yellow_Leaf_Curl_Virus/c91b0581-41e8-48a5-9807-842ee3ba12ef___UF.GRC_YLCV_Lab 08495.JPG,Tomato___Tomato_Yellow_Leaf_Curl_Virus/46476c84-3651-4706-af74-ccda9fb43719___UF.GRC_YLCV_Lab 08496.JPG,exclude_train_related,Same physical leaf with matching outline lesions and stem curve.
near-fdee75ad153f,9e97599868962bd0079b8db4b7f1efa9185fa1e7,dhash-64,4,4,Tomato___Tomato_Yellow_Leaf_Curl_Virus/def16316-85f6-44e8-98fc-e48820caf2d9___UF.GRC_YLCV_Lab 02471.JPG,Tomato___Tomato_Yellow_Leaf_Curl_Virus/3809d16d-8e37-4acc-a22b-8089903525e1___UF.GRC_YLCV_Lab 02457.JPG,exclude_train_related,Same physical leaf with matching outline folds and damage pattern.
near-70088a9bf553,9e97599868962bd0079b8db4b7f1efa9185fa1e7,dhash-64,4,4,Tomato___Tomato_Yellow_Leaf_Curl_Virus/ea824bff-58c4-402e-936c-70bc49912701___UF.GRC_YLCV_Lab 02667.JPG,Tomato___Tomato_Yellow_Leaf_Curl_Virus/5741aac8-276f-4654-afc7-ebb939c3d4b8___UF.GRC_YLCV_Lab 02665.JPG,exclude_train_related,Same physical leaf with matching outline folds and discoloration.
near-8e5ceb7b097e,9e97599868962bd0079b8db4b7f1efa9185fa1e7,dhash-64,4,4,Tomato___Tomato_Yellow_Leaf_Curl_Virus/f390848d-e427-4c8e-8e93-0772e9f91fc8___UF.GRC_YLCV_Lab 01668.JPG,Tomato___Tomato_Yellow_Leaf_Curl_Virus/180ef991-3ed2-41d8-93b6-c1791d745669___UF.GRC_YLCV_Lab 01678.JPG,exclude_train_related,Same physical leaf with matching outline folds and damaged edges.
near-c6095ba8751d,9e97599868962bd0079b8db4b7f1efa9185fa1e7,dhash-64,4,4,Tomato___Tomato_Yellow_Leaf_Curl_Virus/f6d5ad61-dfaf-4083-a9af-1b0755ec0a5d___YLCV_GCREC 2381.JPG,Tomato___Bacterial_spot/a2347956-94dc-441c-80b4-f663e8b2edbd___GCREC_Bact.Sp 6054.JPG,keep_both_false_positive,Different classes and visibly different leaves.
near-dbde482f7150,9e97599868962bd0079b8db4b7f1efa9185fa1e7,dhash-64,4,4,Tomato___healthy/973c9431-f521-462d-82fa-442196087ca8___GH_HL Leaf 204.1.JPG,Tomato___healthy/8d4a3b2d-bcef-4861-a0a0-c3cb0a1990ce___GH_HL Leaf 204.JPG,exclude_train_related,Same physical leaf with matching outline and source identifier 204.
