exclusion_id,dataset_revision,reason,train_path,related_test_path,evidence
exclude-2c49bbcd876a,9e97599868962bd0079b8db4b7f1efa9185fa1e7,perceptual_related_cross_split,Corn_(maize)___Northern_Leaf_Blight/3513a96e-7db5-4a2b-9dd8-79847c92e75b___RS_NLB 4045 copy 2.jpg,Corn_(maize)___Northern_Leaf_Blight/9943cc83-f708-487b-b45e-a9ac23ee3973___RS_NLB 4045.JPG,near-fce469594f68
exclude-cd09edd9d25c,9e97599868962bd0079b8db4b7f1efa9185fa1e7,perceptual_related_cross_split,Corn_(maize)___Northern_Leaf_Blight/b7ec2193-2a49-43b9-9962-7a13d472e668___RS_NLB 4044.JPG,Corn_(maize)___Northern_Leaf_Blight/83327a8d-9bfd-49d6-9fc9-bc065a379bce___RS_NLB 4044 copy 2.jpg,near-38a6ce6475ba
exclude-0b49738faa98,9e97599868962bd0079b8db4b7f1efa9185fa1e7,perceptual_related_cross_split,Grape___healthy/dcf0b467-3d86-49b9-991e-00f5b82465c7___Mt.N.V_HL 8935.JPG,Grape___healthy/94ff1dad-4284-4b83-ae37-988cc12c2006___Mt.N.V_HL 8939.JPG,near-7a35ed22e83c
exclude-40d2a23d7f54,9e97599868962bd0079b8db4b7f1efa9185fa1e7,perceptual_related_cross_split,Tomato___Late_blight/16e4a1f9-21c2-4c1a-bdbc-1336da74ba2c___GHLB2 Leaf 145.3.JPG,Tomato___Late_blight/cebd5337-bb61-4454-93da-bba4169f0802___GHLB2 Leaf 145.JPG,near-e3a08f161a68
exclude-ed54dafa7023,9e97599868962bd0079b8db4b7f1efa9185fa1e7,exact_duplicate_cross_split,Tomato___Late_blight/3fae9c64-18f0-4a67-9f97-554248bb1bed___GHLB_PS Leaf 24 Day 16.jpg,Tomato___Late_blight/5de6da85-f8c4-48c4-b463-3e6bd78884cc___GHLB_PS Leaf 24 Day 16.jpg,4913a3835e692530e507d542caccacc0d0a7b2fd708782cdec6236a1a0dbbcd6
exclude-51a3208be988,9e97599868962bd0079b8db4b7f1efa9185fa1e7,exact_duplicate_cross_split,Tomato___Late_blight/48c55974-9fe9-4f4b-94f7-c8cd127d1e05___GHLB_PS Leaf 23.7 Day 13.jpg,Tomato___Late_blight/bd4f09bd-ee85-4ab1-bce0-8cde3fdd7f1b___GHLB_PS Leaf 23.7 Day 13.jpg,375eee7b5da77c7afdd73d089574bee3148d04cbe266ee070ee4774d26aca750
exclude-6bff8fbd436c,9e97599868962bd0079b8db4b7f1efa9185fa1e7,exact_duplicate_cross_split,Tomato___Late_blight/e5d707cd-077c-43af-bda9-6138e516ff51___GHLB2 Leaf 8999.JPG,Tomato___Late_blight/5f21282c-e2ef-4c4a-ace1-b5701fe7effc___GHLB2 Leaf 8999.JPG,2aeb7479e975df37dfb54aa7b403f57f2ad90b018c37809e572a2a932f55d2a7
exclude-90a44086d8a1,9e97599868962bd0079b8db4b7f1efa9185fa1e7,perceptual_related_cross_split,Tomato___Septoria_leaf_spot/17e3282e-f327-4245-95b1-a4fee7b33838___Matt.S_CG 2619.JPG,Tomato___Septoria_leaf_spot/a11dad0c-2ed0-4d57-bd0b-0b19a0d7f17c___Matt.S_CG 2622.JPG,near-45c0cdf423c8
exclude-b29bd23f2768,9e97599868962bd0079b8db4b7f1efa9185fa1e7,perceptual_related_cross_split,Tomato___Tomato_Yellow_Leaf_Curl_Virus/1240c7a7-a64a-4659-8849-5451c205208d___UF.GRC_YLCV_Lab 01888.JPG,Tomato___Tomato_Yellow_Leaf_Curl_Virus/08f78a80-46f5-45a6-937c-4d05d61c08c2___UF.GRC_YLCV_Lab 01895.JPG,near-90094f6fb90e
exclude-68a76004fe87,9e97599868962bd0079b8db4b7f1efa9185fa1e7,perceptual_related_cross_split,Tomato___Tomato_Yellow_Leaf_Curl_Virus/1240c7a7-a64a-4659-8849-5451c205208d___UF.GRC_YLCV_Lab 01888.JPG,Tomato___Tomato_Yellow_Leaf_Curl_Virus/fcdfc17c-1a1b-48df-8612-740f3a50fcbd___UF.GRC_YLCV_Lab 01892.JPG,near-afe0c439934e
exclude-75dd7e6f6137,9e97599868962bd0079b8db4b7f1efa9185fa1e7,perceptual_related_cross_split,Tomato___Tomato_Yellow_Leaf_Curl_Virus/19ead445-c37c-4a22-b3fb-02510e66b553___UF.GRC_YLCV_Lab 01388.JPG,Tomato___Tomato_Yellow_Leaf_Curl_Virus/b379ab04-3780-4283-b388-2a038b773d79___UF.GRC_YLCV_Lab 01389.JPG,near-6eb68b68c466
exclude-ee6c5ac802dd,9e97599868962bd0079b8db4b7f1efa9185fa1e7,perceptual_related_cross_split,Tomato___Tomato_Yellow_Leaf_Curl_Virus/2ed63cde-c59e-45df-a38b-ee87197908bb___UF.GRC_YLCV_Lab 01623.JPG,Tomato___Tomato_Yellow_Leaf_Curl_Virus/7c215f7a-4aaf-4461-a727-7e4777daa562___UF.GRC_YLCV_Lab 01624.JPG,near-1374f3410f74
exclude-74dd920f1d91,9e97599868962bd0079b8db4b7f1efa9185fa1e7,perceptual_related_cross_split,Tomato___Tomato_Yellow_Leaf_Curl_Virus/a193e214-3a19-410d-8467-63eafff67aea___UF.GRC_YLCV_Lab 01457.JPG,Tomato___Tomato_Yellow_Leaf_Curl_Virus/89f4ab7d-764f-4df5-b244-51c50ce68836___UF.GRC_YLCV_Lab 01460.JPG,near-eb76003fd3fa
exclude-60b74a40add2,9e97599868962bd0079b8db4b7f1efa9185fa1e7,perceptual_related_cross_split,Tomato___Tomato_Yellow_Leaf_Curl_Virus/c91b0581-41e8-48a5-9807-842ee3ba12ef___UF.GRC_YLCV_Lab 08495.JPG,Tomato___Tomato_Yellow_Leaf_Curl_Virus/46476c84-3651-4706-af74-ccda9fb43719___UF.GRC_YLCV_Lab 08496.JPG,near-3ca61d3c1b6f
exclude-1625945bf0d2,9e97599868962bd0079b8db4b7f1efa9185fa1e7,perceptual_related_cross_split,Tomato___Tomato_Yellow_Leaf_Curl_Virus/def16316-85f6-44e8-98fc-e48820caf2d9___UF.GRC_YLCV_Lab 02471.JPG,Tomato___Tomato_Yellow_Leaf_Curl_Virus/3809d16d-8e37-4acc-a22b-8089903525e1___UF.GRC_YLCV_Lab 02457.JPG,near-fdee75ad153f
exclude-ab3d061324d2,9e97599868962bd0079b8db4b7f1efa9185fa1e7,perceptual_related_cross_split,Tomato___Tomato_Yellow_Leaf_Curl_Virus/ea824bff-58c4-402e-936c-70bc49912701___UF.GRC_YLCV_Lab 02667.JPG,Tomato___Tomato_Yellow_Leaf_Curl_Virus/5741aac8-276f-4654-afc7-ebb939c3d4b8___UF.GRC_YLCV_Lab 02665.JPG,near-70088a9bf553
exclude-73f811db81f2,9e97599868962bd0079b8db4b7f1efa9185fa1e7,perceptual_related_cross_split,Tomato___Tomato_Yellow_Leaf_Curl_Virus/f390848d-e427-4c8e-8e93-0772e9f91fc8___UF.GRC_YLCV_Lab 01668.JPG,Tomato___Tomato_Yellow_Leaf_Curl_Virus/180ef991-3ed2-41d8-93b6-c1791d745669___UF.GRC_YLCV_Lab 01678.JPG,near-8e5ceb7b097e
exclude-80b6e848da37,9e97599868962bd0079b8db4b7f1efa9185fa1e7,exact_duplicate_cross_split,Tomato___healthy/34c81c57-e1fa-49dd-a49d-34fe8b2385fe___GH_HL Leaf 466.1.JPG,Tomato___healthy/068e324c-faf6-40d6-8f83-578907f1cac5___GH_HL Leaf 466.1.JPG,2a05a74db3a270ac0ec77c00ebe89a332eed589819435129cc3c29eb6e701eb2
exclude-b0ef6a3741d7,9e97599868962bd0079b8db4b7f1efa9185fa1e7,exact_duplicate_cross_split,Tomato___healthy/9662364c-aaba-45e3-b907-10792d60578c___GH_HL Leaf 220.JPG,Tomato___healthy/d2ce7896-6fa4-45e6-96c5-d162da0e3e1c___GH_HL Leaf 220.JPG,32e9ffabaa054c19ae8df95e94fbd7a25105defdea1214eb5f8bd804ea9a7428
exclude-62fb342cfa36,9e97599868962bd0079b8db4b7f1efa9185fa1e7,perceptual_related_cross_split,Tomato___healthy/973c9431-f521-462d-82fa-442196087ca8___GH_HL Leaf 204.1.JPG,Tomato___healthy/8d4a3b2d-bcef-4861-a0a0-c3cb0a1990ce___GH_HL Leaf 204.JPG,near-dbde482f7150
